ID,Posted at,Screen name,Text
808176849859833857,2016-12-12 05:09:10 +0000,murtishaw,The latest The Political Currents! https://t.co/S1jwJEsd9B Thanks to @Dekedee @msm868 @a1dbb #tcot #politics
808176793987452929,2016-12-12 05:08:57 +0000,FHR_NK,RT @arzillion: North Korea executes vice premier for 'slouching' #politics #VC #funding #startup #VC https://t.co/1cy8SbifrM https://t.co/jUIby8Pryi
808176652492697600,2016-12-12 05:08:23 +0000,alisutherland,Thread. The kind of tweets twitter was made for. #politics #America https://t.co/HdqLoBcpPO
808176536616435712,2016-12-12 05:07:56 +0000,vincentpriced,RT @NeW_AiR: VILLAGE OF THE DAMNED (1960 ‚Äì ‚Ä¶) #horror #kids #politics #rightwing https://t.co/7ppHThrZFL
808176412746219521,2016-12-12 05:07:26 +0000,ThingsAboutGod,Will Man Ever Love His Fellowman? ‚ñ∏https://t.co/ckPXAg0fs9 | #religion #politics #family #l
808176064543342592,2016-12-12 05:06:03 +0000,dAmAgEeFFeCt,RT @NeW_AiR: VILLAGE OF THE DAMNED (1960 ‚Äì ‚Ä¶) #horror #kids #politics #rightwing https://t.co/7ppHThrZFL
808175927356030976,2016-12-12 05:05:30 +0000,crpmllc1_andres,RT @PoliticsToday_: Donald Trump saved us from the Bushes and the Clintons. #Politics
808175914915954689,2016-12-12 05:05:27 +0000,EggmanOrWalrus,Adventssaufen in London | Bei den Briten brennen schon alle Kerzen! https://t.co/qmNELYA24R #politics
808175882518937600,2016-12-12 05:05:20 +0000,20Sheenu,#jayalalithaa @superstarrajini #TamilNadu #Chennai #Amma #AmmaForever #Panneerselvam #SasikalaNatarajan #Politics https://t.co/EVCaEZwmyi
808175819264692224,2016-12-12 05:05:05 +0000,ImmoralReport,RT @maconnal: You might be a libtard if... #libtard #racism #SJW #liberal #politics https://t.co/5VsNkUJbjv
808175816735526913,2016-12-12 05:05:04 +0000,yung_ghost001,RT @PoliticsGhost: Remember when @CNN said this back in October? Who's really spreading #FakeNews now? #Politics #Trump2016 #Ghost https://t.co/RwN9Kfwmzg
808175698355621888,2016-12-12 05:04:36 +0000,chickentracts,"054 - ""The Difference Between Social Justice Warriors And The Alt-Right""
https://t.co/Nh7AygVwfO
#chickentracts #politics"
808175675169472516,2016-12-12 05:04:30 +0000,maconnal,You might be a libtard if... #libtard #racism #SJW #liberal #politics https://t.co/5VsNkUJbjv
808175670505467905,2016-12-12 05:04:29 +0000,andrewshamlet,https://t.co/Ig0NBxzEr4 #socialmedia #politics
808175634639896576,2016-12-12 05:04:21 +0000,MaryPatriotNews,"https://t.co/ul6QZ883ye TOP 5 ISSUES FACING #BlackAmerica!
#Trump #TimKaine #MikePence #Hillary #PJNET #TMZ #Politics #AP #racism #energy"
808175335510421508,2016-12-12 05:03:09 +0000,DuncanWatson8,RT @NeW_AiR: VILLAGE OF THE DAMNED (1960 ‚Äì ‚Ä¶) #horror #kids #politics #rightwing https://t.co/7ppHThrZFL
808175331802759168,2016-12-12 05:03:08 +0000,DeuceTV,"Young God... #JayZ #Hov
‚Ä¢ ‚Ä¢ ‚Ä¢
#DeuceTV #Music #Fashion #Sports #Politics #Lifestyle #HipHop #Rap‚Ä¶ https://t.co/ri1CvUOjbF"
808175090932121601,2016-12-12 05:02:11 +0000,nrkoranne,"RT @NoListNoDonatio: #AAP came into #politics with promise of putting funds in public domain BUT has FORGOTTEN its promise
Sign to remind https://t.co/54fPgFgoIk"
808174937953468417,2016-12-12 05:01:35 +0000,PoliticalTitans,‚ÄúThere's not a liberal America and a conservative America - there's the United States of America.‚Äù    ‚Äï    Barack Obama #politics
808174915153182720,2016-12-12 05:01:29 +0000,Dr_Giallo,RT @NeW_AiR: VILLAGE OF THE DAMNED (1960 ‚Äì ‚Ä¶) #horror #kids #politics #rightwing https://t.co/7ppHThrZFL
808174807531458560,2016-12-12 05:01:03 +0000,ScoopRocket,'Dirty' hit leaves Bronco seeking retribution against Titan - https://t.co/XPRGU9qUiQ #news #politics #clinton #trump #follow
808174752187740160,2016-12-12 05:00:50 +0000,NeW_AiR,RT @NeW_AiR: VILLAGE OF THE DAMNED (1960 ‚Äì ‚Ä¶) #horror #kids #politics #rightwing https://t.co/7ppHThrZFL
808174697737113600,2016-12-12 05:00:37 +0000,ScoopRocket,Japan protests against China‚Äôs allegations of dangerous conduct by fi‚Ä¶  - https://t.co/TwK2lupWBo #news #politics #clinton #trump #follow
808174597233180672,2016-12-12 05:00:13 +0000,arzillion,#Obama's order aims to reduce risk of killing innocent people  #politics #startup #funding https://t.co/VYQcqmlYs4 https://t.co/EVIyuH5X9O
808174549141307392,2016-12-12 05:00:02 +0000,MassCreativity,FOR OUR SHEER SURVIVAL https://t.co/1DP670KQQW #ecology #environment #GDP #globalwarming #climatechange #politics‚Ä¶ https://t.co/Zm3oth3r3u
808174524160212992,2016-12-12 04:59:56 +0000,casino8uk,Do you know #Politics Get ¬£20 Bet Bonus when you Bet ¬£10 #Labour #Tories #UKIP https://t.co/NO4C2cV415 https://t.co/wshNbLigdG
808174430639636480,2016-12-12 04:59:34 +0000,national1004,RT @ManHeeLeePeace: #Peace can't be #achieved neither #force nor #politics. We need to become one with #HWPL to make this happen.‚Ä¶ https://t.co/JKGxTP7hne
808174411283124224,2016-12-12 04:59:29 +0000,andrewshamlet,"Really, has anyone out there not made up his/her mind, whether to vote and who for? #socialmedia #politics #electionNight"
808174376982085633,2016-12-12 04:59:21 +0000,bhumharit,"RT Sentifi_US: #DailyBriefing #Corruption in India, #Politics issue in the U.S.

https://t.co/YXlgyFDsMx #finance‚Ä¶ https://t.co/Wcpti6TZOI"
808174325043892224,2016-12-12 04:59:08 +0000,ScoopRocket,Fraudster who conned Eddie Murphy‚Äôs ex to be sentenced - https://t.co/eut3F0eS2z #news #politics #clinton #trump #follow
808174291325886464,2016-12-12 04:59:00 +0000,SheryAhnNews,Wow HK Financial Secretary John Tsang submits resignation #BREAKING so much happening in #HongKong #Politics
808174172052463616,2016-12-12 04:58:32 +0000,GetTheDailyDirt,Netanyahu says he hopes to work with Trump to undo Iran deal https://t.co/jV8PeBO1AO #Politics
808173858872262656,2016-12-12 04:57:17 +0000,openomroep,"#news #politics  Ken Hechler, Longtime West Virginia Political Force, Dies at 102 - New‚Ä¶ https://t.co/8hcGHYe5CJ"
808173429841129472,2016-12-12 04:55:35 +0000,Voiceof9jathugs,Rivers rerun: Sen. Abe reclaims seat + other results https://t.co/Iz3oUW7KOn #featured #politics
808173358160478208,2016-12-12 04:55:18 +0000,sonalinews,"‡¶¨‡ßÅ‡¶¶‡ßç‡¶ß‡¶ø‡¶ú‡ßÄ‡¶¨‡ßÄ ‡¶π‡¶§‡ßç‡¶Ø‡¶æ‡¶Ø‡¶º ‡¶®‡ßá‡¶§‡ßÉ‡¶§‡ßç‡¶¨ ‡¶¶‡¶ø‡¶Ø‡¶º‡ßá‡¶õ‡¶ø‡¶≤ ‡¶¨‡¶æ‡¶Ç‡¶≤‡¶æ‡¶¶‡ßá‡¶∂ ‡¶ú‡¶æ‡¶Æ‡¶æ‡¶Ø‡¶º‡¶æ‡¶§‡ßá ‡¶á‡¶∏‡¶≤‡¶æ‡¶Æ‡ßÄ...!
#Martyred_Intellectuals_Day #Jamaat #Politics
https://t.co/1O5gCrSsEQ"
808173324270387200,2016-12-12 04:55:10 +0000,DavidAvritt,#TheNewsClub Why Scientists Are Scared of Trump: A Pocket Guide https://t.co/ceUFSRbXdz #EarlyMorningUpdate #Politics #Trump
808173151834226688,2016-12-12 04:54:29 +0000,andrewshamlet,But did the founding fathers envision the electorate bombarded with emotion laden messages 24/7? #socialmedia #politics
808173119554940928,2016-12-12 04:54:21 +0000,AcheDinAaneWale,Look: NASA satellites capture images of cyclone Vardah in Bay of Bengal  https://t.co/4pxg5ofDlp  #Elections #AcheDin #Politics
808173116530692096,2016-12-12 04:54:20 +0000,AcheDinAaneWale,Pakistan Taliban resorts to collecting &#039;protection money&#039;   https://t.co/zIMqLW7fnS  #Elections #AcheDin #Politics
808173099090841600,2016-12-12 04:54:16 +0000,Sanijibo_Ofr,"Arab American Voters: Clinton 60%, Trump 26%: For years, Arab American voters, like most other ethni.. #politics https://t.co/i7FW85VkU9"
808172968509603845,2016-12-12 04:53:45 +0000,shhhhz,–ê–º–µ—Ä–∏–∫–∞–Ω—Å–∫–∏–π –∫–æ–Ω–≥—Ä–µ—Å—Å–º–µ–Ω: –°–®–ê —Ñ–∏–Ω–∞–Ω—Å–∏—Ä—É—é—Ç –ò–ì–ò–õ –∏ –ê–ª—å-–ö–∞–∏–¥—É https://t.co/cIpi8x4DPx #politics #ru
808172955998031872,2016-12-12 04:53:42 +0000,coolgirl591291,RT @PoliticsToday_: Donald Trump saved us from the Bushes and the Clintons. #Politics
808172810392797184,2016-12-12 04:53:07 +0000,trlstamv,RT @PoliticsToday_: Donald Trump saved us from the Bushes and the Clintons. #Politics
808172693501739013,2016-12-12 04:52:39 +0000,HeralddeParis,#Beltway Update https://t.co/mv9fMwe7WC via @heralddeparis #politics https://t.co/aWz3CtoS00
808172680977518593,2016-12-12 04:52:36 +0000,MyPlace4U,RT @PoliticsToday_: Donald Trump saved us from the Bushes and the Clintons. #Politics
808172646584250368,2016-12-12 04:52:28 +0000,darkmoneyusa,"RT @Sentifi_US: #DailyBriefing #Corruption in India, #Politics issue in the U.S.

https://t.co/ObmMzHIZpq #finance #fintech‚Ä¶ https://t.co/w4ggFEOwYp"
808172616150192128,2016-12-12 04:52:21 +0000,ZeroCensorship,#British Diplomat: I've Met The Wikileaks Informant and They're NOT Russians #politics - https://t.co/dPcSlxDzNP
808172557149020160,2016-12-12 04:52:07 +0000,VoicesN,"African news... all the stories is out! https://t.co/JASw9fS3vF 

#Africa #Nigeria #Lagos #Abuja
#politics Stories via @NigerianBizNews"
808172535351312384,2016-12-12 04:52:02 +0000,pines_lois,RT @PoliticsToday_: Donald Trump saved us from the Bushes and the Clintons. #Politics
808172263543480320,2016-12-12 04:50:57 +0000,PaddySmith680,RT @PoliticsToday_: Donald Trump saved us from the Bushes and the Clintons. #Politics
808172178877415424,2016-12-12 04:50:37 +0000,sp2akingout,RT @PoliticsToday_: Donald Trump saved us from the Bushes and the Clintons. #Politics
808172027056156672,2016-12-12 04:50:01 +0000,redbluewitham,"A hippo for #ChristmasDay? No, just a nice plate of reason.

https://t.co/USErjzj7rY

#BBC #CNN #politics"
808171976082784256,2016-12-12 04:49:48 +0000,_mPhil,RT @keithmartinmd: It is inhumane & unethical 4 a rich nation to allow its citizens to become bankrupt due to illness. #US #politics https://t.co/KQpkSZAqoZ
808171943736332289,2016-12-12 04:49:41 +0000,Ren____Me,RT @PoliticsToday_: Donald Trump saved us from the Bushes and the Clintons. #Politics
808171899670831105,2016-12-12 04:49:30 +0000,laughrodite4u,"RT @WanderinPoet: Be sure to ask @shervin how well blocking people on $TWTR works when he's trying to start a new #politics party.
https://t.co/ZBE7bZEK5A"
808171772952662016,2016-12-12 04:49:00 +0000,ProgRebel,RT @Paleocrat: üéµ Movin' on up! üéµ #GrandRapids #TalkRadio #podcast #politics #religion #debate #NewMedia #journalism #philosophy‚Ä¶ https://t.co/X906wwktfe
808171680203964416,2016-12-12 04:48:38 +0000,winvltals,RT @PoliticsToday_: Donald Trump saved us from the Bushes and the Clintons. #Politics
808171592010387456,2016-12-12 04:48:17 +0000,StateofGlobe,"TRUMP, DEBT COLLAPSE, & GOLD: Is The End Near? | Jim Willie - https://t.co/XyYmpBZ9Qo - #Money #Politics #Silver"
808171495939829760,2016-12-12 04:47:54 +0000,Senio__VocalBox,RT @PoliticsToday_: Donald Trump saved us from the Bushes and the Clintons. #Politics
808171347658571776,2016-12-12 04:47:19 +0000,etvSunrise,"It's been an interesting year on the political front. 
What stood out for you?
#etvSunrise 
#Commedian 
#Politics"
808171323079860225,2016-12-12 04:47:13 +0000,ScoopRocket,"Trump to nominate Exxon Mobil CEO Tillerson secretary of state, sourc‚Ä¶  - https://t.co/ZNzphm2jwD #news #politics #clinton #trump #follow"
808171300556419073,2016-12-12 04:47:07 +0000,NoListNoDonatio,"#AAP came into #politics with promise of putting funds in public domain BUT has FORGOTTEN its promise
Sign to remind https://t.co/54fPgFgoIk"
808171237428101120,2016-12-12 04:46:52 +0000,xThePlugWlfe,RT @PoliticsToday_: Donald Trump saved us from the Bushes and the Clintons. #Politics
808171012445630464,2016-12-12 04:45:59 +0000,FulvioMeloni,#Society #Politics & #Philosophy #Books #5: The Second World War https://t.co/5uDk8k8dVB
808171006837800960,2016-12-12 04:45:57 +0000,Tweetpolitifeed,Trump Honeymoon Begins: Confidence in Economy Booming https://t.co/crJnO6Ympn #Politics #US
808171005516648448,2016-12-12 04:45:57 +0000,Tweetpolitifeed,Here's How to Drain the Swamp https://t.co/wlav6Aq3Ed #Politics #US
808171004639985666,2016-12-12 04:45:57 +0000,Tweetpolitifeed,Forget Populism--Trump's Picking Orthodox Republicans https://t.co/taZ66c1064 #Politics #US
808171003859894273,2016-12-12 04:45:57 +0000,Tweetpolitifeed,"Why ""Trump Boom"" Is a Real Possibility https://t.co/zVQfG0hGWo #Politics #US"
808171003054555136,2016-12-12 04:45:56 +0000,Tweetpolitifeed,How the Democratic Party Lost Its Way https://t.co/VWEyDmj5gS #Politics #US
808170889904791552,2016-12-12 04:45:29 +0000,esodiegeiger,"RT @BreezyForNY19: ""Put the #planet above #partisan #politics"" This should be the most retweeted sentiment on #Earth. #ClimateChange‚Ä¶ https://t.co/7u97SAEbCI"
808170849924567040,2016-12-12 04:45:20 +0000,jimmypedya,"""The Agenda of Corporate Media Is Regime Change in Syria"" https://t.co/LksDfqUlg0 #politics #feedly"
808170793427488769,2016-12-12 04:45:06 +0000,GIVoices,Some said that they will close their shops & offices during Ahok's #trial on Tuesday. https://t.co/bbChPOXozW‚Ä¶ https://t.co/1CfPHleATC
808170760816705537,2016-12-12 04:44:59 +0000,trumpWG,#AltRight #Montana #Politics #Boston https://t.co/9t7XasZeqs
808170707645513730,2016-12-12 04:44:46 +0000,TlannLee,RT @PoliticsToday_: Donald Trump saved us from the Bushes and the Clintons. #Politics
808170695758909440,2016-12-12 04:44:43 +0000,GobariReport,Bill English sworn in as New Zealand PM after Key exit https://t.co/LdVWgPuaUN @Gobarireport #politics #world
808170633217634304,2016-12-12 04:44:28 +0000,andrewshamlet,The founding fathers warned of mob rule.  #socialmedia #politics #electionNight
808170607007432704,2016-12-12 04:44:22 +0000,auntmimihere,RT @ConservNationA: What to Know About Cathy McMorris Rodgers https://t.co/SioPmj3bi3 #politics
808170542062669824,2016-12-12 04:44:06 +0000,DavidAvritt,#TheNewsClub Obama Preaches Empathy; Trump Projects It https://t.co/RkZHguQrHB #EarlyMorningUpdate #Politics #Trump
808170464547926018,2016-12-12 04:43:48 +0000,RJDunkie,RT @PoliticsToday_: Donald Trump saved us from the Bushes and the Clintons. #Politics
808170407211728896,2016-12-12 04:43:34 +0000,Long_Archer,"#Art #Music #Linguistics
#Science #Math #Law
#Politics #Economics #History
#Journalism #Literature
#Reason‚Ä¶ https://t.co/kexJfmkR5Q"
808170296763105280,2016-12-12 04:43:08 +0000,dailyreadlist,Rogue CIA Calls For New Election Could Lead To Trump Assassination #politics https://t.co/VjD36yBfYj
808170169789009920,2016-12-12 04:42:38 +0000,GQSMOOTH43,RT @PoliticsToday_: Donald Trump saved us from the Bushes and the Clintons. #Politics
808170147563393024,2016-12-12 04:42:32 +0000,Reporters_Large,Ondo Poll: Buhari Express Assurances Of Tinubu's... https://t.co/SUJkZbeCet #apc #BolaTinubu #Buhari #Nigeria #OndoDecides #POLITICS
808170125790773248,2016-12-12 04:42:27 +0000,UberAlles_2,#greece #politics #neadimokratia Off The Record News: ŒùŒî Œ∫Œ±œÑŒ¨ Œ†Œ±œÅŒ±œÉŒ∫ŒµœÖœåœÄŒøœÖŒªŒøœÖ: ¬´Œ†Œ±œÅŒ±ŒªŒÆœÅŒ∑ŒºŒ± Œ∫Œ±Œπ œÄŒµœÅŒØœÉœÉŒµœÖŒº... https://t.co/dyNLsZ4UiX
808170041644580864,2016-12-12 04:42:07 +0000,UberAlles_2,#greece #politics #pasok Off The Record News: Œ†ŒëŒ£ŒüŒö: ŒùœÑœÅŒøœÄŒÆ Œ≥ŒπŒ± œÑŒ∑ Œ¥Œ∑ŒºŒøŒ∫œÅŒ±œÑŒØŒ± Œ∑ Œ¥ŒÆŒªœâœÉŒ∑ Œ†Œ±œÅŒ±œÉŒ∫ŒµœÖœå... https://t.co/uT4pjAENMk
808169967879327744,2016-12-12 04:41:50 +0000,UberAlles_2,#greece #politics #neadimokratia Off The Record News: Œ†œÅœâœÑŒπŒ¨ ŒùŒî œÉœÑŒπœÇ ŒµŒ∫ŒªŒøŒ≥Œ≠œÇ œÑŒøœÖ ŒüŒπŒ∫ŒøŒΩŒøŒºŒπŒ∫Œøœç ŒïœÄŒπŒºŒµŒªŒ∑œÑŒ∑œÅŒØ... https://t.co/7DFaoduk8u
808169905749114880,2016-12-12 04:41:35 +0000,OluseniX,VIDEO: Watch How Rotimi Akeredolu Celebrates His Victory https://t.co/hydaZ1A9fs #peoplelifestyle #politics
808169660269133824,2016-12-12 04:40:36 +0000,PASSION8FASHION,RT @PoliticsToday_: Donald Trump saved us from the Bushes and the Clintons. #Politics
808169617478664193,2016-12-12 04:40:26 +0000,ScoopRocket,"Police opposed to ‚Äòmuezzin bill,‚Äô says report - https://t.co/EhnW7g9Kfp #news #politics #clinton #trump #follow"
808169373848440832,2016-12-12 04:39:28 +0000,andrewshamlet,And so less than a month from the election we enter the depths of an emotional swamp. #socialmedia #politics #electionNight
808169353229271040,2016-12-12 04:39:23 +0000,AcheDinAaneWale,Finance Minister Bill English named as New Zealand Prime Minister  https://t.co/dMHnGSOPUK  #Elections #AcheDin #Politics
808169350926626816,2016-12-12 04:39:22 +0000,AcheDinAaneWale,"President Pranab Mukherjee, PM Narendra Modi greet nation on Milad-un-Nabi  https://t.co/DEcVsxAyPS  #Elections #AcheDin #Politics"
808169098752442368,2016-12-12 04:38:22 +0000,StateofGlobe,"Saudi ""Shock And Awe"" Sparks Buying Panic In Crude - WTI At 17-Month ... - https://t.co/6F6AbSnUzE - #Finance‚Ä¶ https://t.co/M2Kb72GGaJ"
808169010189713408,2016-12-12 04:38:01 +0000,waterforarlzona,RT @PoliticsToday_: Donald Trump saved us from the Bushes and the Clintons. #Politics
808168766353743872,2016-12-12 04:37:03 +0000,agizzledaone,"Man I'm not a Cowboy fan but I hate that for Dak!!!Romo talking to Eli laughing, he may be the happiest man in the world rite now. #politics"
808168689291800576,2016-12-12 04:36:45 +0000,defnotrealnews,Trump Vows to have Obama arrested at the White House following Inauguration https://t.co/ytGzTDIAnN #Politics
808168621692383234,2016-12-12 04:36:29 +0000,techguard1,OttLegalRebels: RT techguard1: OttLegalRebels: RT techguard1: OttLegalRebels: RT free_motion: What happens to #politics if they are run by ‚Ä¶
808168610929790976,2016-12-12 04:36:26 +0000,techguard1,"OttLegalRebels: RT Sentifi_US: #DailyBriefing #Corruption in India, #Politics issue in the U.S.

‚Ä¶ https://t.co/s6r9dNdtdQ"
808168608941613056,2016-12-12 04:36:26 +0000,MalottMarc,#RussiaHacking #politics https://t.co/BWdN4NTnI1
808168549592236032,2016-12-12 04:36:11 +0000,remi__barron,RT @PoliticsToday_: Donald Trump saved us from the Bushes and the Clintons. #Politics
808168481258541056,2016-12-12 04:35:55 +0000,gbengaodunsi1,#LATEST_NEWS #POLITICS #Amaechi Rivers rerun: Fayose asks Trump to intervene https://t.co/WcFFByp7Ve https://t.co/pQZdKPyTzp
808168442008399874,2016-12-12 04:35:46 +0000,OttLegalRebels,RT @techguard1: OttLegalRebels: RT techguard1: OttLegalRebels: RT free_motion: What happens to #politics if they are run by #AI #foodforthought #startup
808168389692813312,2016-12-12 04:35:33 +0000,libertyclick,George Ought to Help https://t.co/a7HbOiNN83 #politics #animation #tcot #tlot #bcot #ccot https://t.co/156MM47FJt
808168349888692224,2016-12-12 04:35:24 +0000,rajan_khurana,"From black money to kohinoor. When will we focus on jobs, food etc. @suhelseth #india #politics #blackmoney #jobs‚Ä¶ https://t.co/1Hxv5jaz3w"
808168299418763264,2016-12-12 04:35:12 +0000,OttLegalRebels,"RT @Sentifi_US: #DailyBriefing #Corruption in India, #Politics issue in the U.S.

https://t.co/ObmMzHIZpq #finance #fintech‚Ä¶ https://t.co/w4ggFEOwYp"
808168282381369344,2016-12-12 04:35:08 +0000,DavidAvritt,#TheNewsClub How the Democratic Party Lost Its Way https://t.co/8fMwaGmHBw #EarlyMorningUpdate #Politics #Trump
808168259174309888,2016-12-12 04:35:02 +0000,igroklinux,RT @MikeMtk63: Art of the Deal at @KeiserReport: #Trump & the #Politics of #Jobs (E 1004) https://t.co/Y8bvY6vsYx via @YouTube‚Ä¶ https://t.co/wZPS6c87Zb
808168254501830656,2016-12-12 04:35:01 +0000,lo_alexandria42,Trump's response to Russia hacking the election is that he won the election. Think about that circular logic. #politics #hacking #news
808168253470097408,2016-12-12 04:35:01 +0000,chaudhry_arvind,"RT @iMariaJohnsen: The Impact of #SocialMedia on #Politics üåç
https://t.co/dnS9WTfYcO
#SEO #SMM #SEO #DigitalMarketing‚Ä¶ https://t.co/Du72AR9O65"
808168114022187008,2016-12-12 04:34:28 +0000,andrewshamlet,To win the mind you must win the heart. #socialmedia #politics #electionNight
808168070682284032,2016-12-12 04:34:17 +0000,itzmesiril,#tamil #Politics #PoliticsNation #TamilNadu #public https://t.co/TP9LbJGmyy
808167961953468416,2016-12-12 04:33:51 +0000,cashklick,RT @Chatbot_News: President #Obama now has a #FacebookMessenger bot #bots #Chatbot #politics https://t.co/lSzrr3sdw8 https://t.co/98aCTxlO5J
808167899533901824,2016-12-12 04:33:36 +0000,MimmerApp,"Donald Trump is 'not a loyal American', says former CIA operative and presidential candidate https://t.co/FswMy38oFC #Mimmer #Politics"
808167856198262784,2016-12-12 04:33:26 +0000,yayamarianna,RT @PoliticsToday_: Donald Trump saved us from the Bushes and the Clintons. #Politics
808167805082365952,2016-12-12 04:33:14 +0000,LoriWal47435487,"RT @MyLetter_to: ""Democracy is the government of the people, by the people, for the people."" - Abraham Lincoln #democracy #politics"
808167774828773376,2016-12-12 04:33:07 +0000,NoraCain9,The latest Titan News! https://t.co/yqyqPOvJcK #politics #lgbt
808167613725556737,2016-12-12 04:32:28 +0000,PoliticsToday_,Donald Trump saved us from the Bushes and the Clintons. #Politics
808167489804861440,2016-12-12 04:31:59 +0000,OriginalVader1,RT @Fingersflying: #CCOT The Socialist left working to end free thought and #freespeech in USA just like the Netherlands #politics‚Ä¶ https://t.co/SZuu3eDJSh
808167442665062400,2016-12-12 04:31:48 +0000,RichFM39517086,"RT @Fingersflying: #CCOT Nun pleads for #Christians raped, sold killed by ISIS https://t.co/mcCqR9YUv5 #ChristianGenocide #politics‚Ä¶ https://t.co/IW4kqJrpo5"
808167381621161984,2016-12-12 04:31:33 +0000,CGS_Tech,The Echo Chamber Effect and why its important #science #politics #religion #conspiracy https://t.co/w6XIdPc8He https://t.co/fVbUU2XpOE
808167337182408704,2016-12-12 04:31:22 +0000,Chatbot_News,President #Obama now has a #FacebookMessenger bot #bots #Chatbot #politics https://t.co/lSzrr3sdw8 https://t.co/98aCTxlO5J
808167333113925632,2016-12-12 04:31:21 +0000,ZeroCensorship,Sources: NJ governor Christie turns down several positions in #Trump administration #politics - https://t.co/1mpN0TCHV2
808167303770763264,2016-12-12 04:31:14 +0000,tammywalt61,RT @Fingersflying: #CCOT The Socialist left working to end free thought and #freespeech in USA just like the Netherlands #politics‚Ä¶ https://t.co/SZuu3eDJSh
808167082403790848,2016-12-12 04:30:22 +0000,YoungConserveA,Giuliani: I Didn't Want to Complicate Things Anymore - Cortney O'Brien https://t.co/0opWa4o0oc #politics
808167082403696640,2016-12-12 04:30:22 +0000,JohnGaltA,US Must Remain Steady as South Korea Impeaches President https://t.co/SL1bnVyGH9 #politics
808167082386980864,2016-12-12 04:30:22 +0000,DeepThroatB,What to Know About Cathy McMorris Rodgers https://t.co/za78xkMVHy #politics
808167082374393856,2016-12-12 04:30:22 +0000,PatriotNationA,"Democrats Retreat on Spending, Averting Shutdown https://t.co/Bioo5N61rA #politics"
808167082357624833,2016-12-12 04:30:22 +0000,ProudAmericanA1,East Coast fishermen file appeal over cost of government-required 'at-sea monitors'  #politics https://t.co/5Mq1lOdvsH
808167082282074113,2016-12-12 04:30:22 +0000,Pence4P,Rudy Giuliani Won't Be Trump's Secretary Of State | The Daily Caller https://t.co/3jyvEi92MK #politics
808167081858437120,2016-12-12 04:30:21 +0000,PatriotForum,Morning Joe' Calls Out Hillary For 'Fake News' Warning | The Daily Caller https://t.co/OIupbrSPNH #politics
808166981258084353,2016-12-12 04:29:58 +0000,Writing_Novel,"RT @JennyHinsman1: Need to escape all the #TrumpProtest #Election2016 #Politics #Hate Get a #Book 
https://t.co/3Mabkxy2GI https://t.co/Dp6rkdHz7X"
808166938769620993,2016-12-12 04:29:47 +0000,ScoopRocket,Britain adopts broader anti-Semitism definition to fight hate crimes ‚Ä¶  - https://t.co/5zgXxxgMyR #news #politics #clinton #trump #follow
808166784847216641,2016-12-12 04:29:11 +0000,Qwertytude,#Politics #Election #Election2016 Spreading the Word: Is the CIA attempting to invalidate the #Election results? https://t.co/yn40md8vhP
808166752744050688,2016-12-12 04:29:03 +0000,alrp_Dominguez,"#bustygirls  #dancing 
Laurie likes cream pie
Her profile here üíï https://t.co/t3csV1lqao ‚èÆ
#politics  #fucked https://t.co/hVoLzbcnLH"
808166065096314880,2016-12-12 04:26:19 +0000,donmike4prez16,RT @Fingersflying: #CCOT REPUBLIC vs. DEMOCRACY - Excellent Read! https://t.co/6an9z9OdqQ  #education #politics #TeaParty #Tcot #Tlot #WakeUpAmerica
808166016043757568,2016-12-12 04:26:07 +0000,vishal_twits,"RT @Sentifi_US: #DailyBriefing #Corruption in India, #Politics issue in the U.S.

https://t.co/ObmMzHIZpq #finance #fintech‚Ä¶ https://t.co/w4ggFEOwYp"
808165880144105472,2016-12-12 04:25:35 +0000,DavidAvritt,"#TheNewsClub Why ""Trump Boom"" Is a Real Possibility https://t.co/wrmIOWxP9v #EarlyMorningUpdate #Politics #Trump"
808165844039540736,2016-12-12 04:25:26 +0000,ScoopRocket,Schneiderman wimps out on flagging NY‚Äôs real election woes - https://t.co/Xoqhy9q0XC #news #politics #clinton #trump #follow
808165754252103681,2016-12-12 04:25:05 +0000,GetTheDailyDirt,Fake news a growing cause for concern https://t.co/dYHoEexRu3 #Politics
808165742613041152,2016-12-12 04:25:02 +0000,donmike4prez16,RT @Fingersflying: #CCOT The Socialist left working to end free thought and #freespeech in USA just like the Netherlands #politics‚Ä¶ https://t.co/SZuu3eDJSh
808165594877034496,2016-12-12 04:24:27 +0000,andrewshamlet,Either Hillary or Trump would be among the oldest US presidents upon assuming the oval office #socialmedia #politics
808165481949630464,2016-12-12 04:24:00 +0000,StartUpRealTime,RT @techguard1: OttLegalRebels: RT techguard1: OttLegalRebels: RT free_motion: What happens to #politics if they are run by #AI #foodforthought #startup
808165423480905728,2016-12-12 04:23:46 +0000,Antthany_A,"So far, Trump's administration is shaping up to be the textbook definition of ""conflict of interest ""
#trump #politics"
808165352676831233,2016-12-12 04:23:29 +0000,Jaq_Lion,The Empire would label the Rebellion terrorists... something to keep in mind re: #politics / #starwars #disney #EmpireStrikesBack #rogueone
808165221374296064,2016-12-12 04:22:58 +0000,DebbiebB15,"RT @TVNewsWatchDog: @ezlusztig We need #Trump voters to wake up and realize how BIG of a danger this is, it's not #politics anymore, it's saving #Democracy"
808165177271013378,2016-12-12 04:22:47 +0000,Rachel_Neumann,"Librarians, Act Now to Protect Your Users (Before It‚Äôs Too Late) #privacy #libraries #politics https://t.co/FsZerWFR3Z via @EFF"
808164997520130048,2016-12-12 04:22:05 +0000,ChemtaiMungo,RT @keithmartinmd: It is inhumane & unethical 4 a rich nation to allow its citizens to become bankrupt due to illness. #US #politics https://t.co/KQpkSZAqoZ
808164838253981698,2016-12-12 04:21:27 +0000,techguard1,OttLegalRebels: RT techguard1: OttLegalRebels: RT free_motion: What happens to #politics if they are run by #AI #foodforthought #startup
808164778007035908,2016-12-12 04:21:12 +0000,UGCunion,Open #Voting & #Politics Award https://t.co/mP1G7hjnBc #Vote #OpenVote @AVAAZ @Heliosvoting @Loomio  @Aplusplusplus @FranMontgomery1
808164695052079106,2016-12-12 04:20:52 +0000,amesters1,RT @PoliticUsaServi: Politic: Donald Trump Used To Complain About Obama Not Getting In https://t.co/VMuiKSbXTM #Politics https://t.co/L0yVkmEh0P
808164648017133568,2016-12-12 04:20:41 +0000,OttLegalRebels,RT @techguard1: OttLegalRebels: RT free_motion: What happens to #politics if they are run by #AI #foodforthought #startup
808164590685192193,2016-12-12 04:20:28 +0000,Qwertytude,#Politics #Election2016 Criminal Accusations Emerge for Denying #Russian Involvement in US #Elections https://t.co/WbUW3ByN4o
808164351333060608,2016-12-12 04:19:30 +0000,Fabxclusive_com,BREAKING: Ghana Electi https://t.co/SxXGzDrQRL #foreign #generalnews #ghanaelection #news #politics #worldnews Updated Via @fabxclusive_com
808164335541485569,2016-12-12 04:19:27 +0000,andrewshamlet,The obvious conclusion is that terrorism-related tweets garner very strong reactions #socialmedia #politics #electionNight
808164113293737984,2016-12-12 04:18:34 +0000,Ladyxxl,RT @ScoopSquid: https://t.co/3Hw9eXRV0Z FBI told Illinois Republican Party in June emails had been hacked #politics
808163972197203968,2016-12-12 04:18:00 +0000,ScoopRocket,Man held for allegedly stabbing worshipper near mosque - https://t.co/0Vr5DcuMeg #news #politics #clinton #trump #follow
808163970771087360,2016-12-12 04:18:00 +0000,RAJKUMARINDIA1,RT @AcheDinAaneWale: Islamic State terrorists retake ancient city of Palmyra  https://t.co/fX7N19mIjQ  #Elections #AcheDin #Politics
808163745478230016,2016-12-12 04:17:06 +0000,DavidAvritt,#TheNewsClub Forget Populism--Trump's Picking Orthodox Republicans https://t.co/l8iNChangR #EarlyMorningUpdate #Politics #Trump
808163693020123136,2016-12-12 04:16:54 +0000,ScoopRocket,Actress Sofia Vergara faces lawsuit from her own frozen embryos - https://t.co/DAF0dawyWo #news #politics #clinton #trump #follow
808163681615888384,2016-12-12 04:16:51 +0000,DCTweetBounce,Responding to the the #election w grace? Inspired @NYTimes's #BillCunningham https://t.co/kKlfBAQc23 via @aposner‚Ä¶ https://t.co/nmSrEyyQNZ
808163454322442240,2016-12-12 04:15:57 +0000,politcal_report,"OFFICIAL LEADERS GUT BEFORE TRUMP REFORMS

#news #politics @realDonaldTrump"
808163324319924224,2016-12-12 04:15:26 +0000,kolkata24x7,CM #Mamata Slams PM #Modi For Doubting Opposition Parties‚Äô Honesty https://t.co/M1nCBYcewD #kolkata #politics
808163280560721920,2016-12-12 04:15:15 +0000,CourtOConnell,Doing some research for a new passion project. Who is your favorite #politician on Twitter & why? #politics https://t.co/zpmCfsM8eV
808163263682924544,2016-12-12 04:15:11 +0000,kolkata24x7,"CM #Mamata Slams PM #Modi For Doubting Opposition Parties' Honesty
https://t.co/Pt7eSpSTaF #POLITICS https://t.co/AzfxSqcexM"
808163228312338433,2016-12-12 04:15:03 +0000,UKIPNFKN,"VW 'dieselgate' payout offer outrageously low, says Sadiq Khan via @Guardian
#Brexit #Democracy #Politics
https://t.co/gQKo9Ki5Lf"
808163182896418817,2016-12-12 04:14:52 +0000,Sr_Politics,"The Bible, The News, and the President-Elect https://t.co/vipyJIqCfT #Obama #Politics https://t.co/DyjKrh0JNz"
808163088331632641,2016-12-12 04:14:29 +0000,AcheDinAaneWale,Cyclone Vardah: Safety tips for residents ‚Äì The dos and dont&#039;s!  https://t.co/pi3ITlgnRi  #Elections #AcheDin #Politics
808163085567594498,2016-12-12 04:14:29 +0000,AcheDinAaneWale,Islamic State terrorists retake ancient city of Palmyra  https://t.co/fX7N19mIjQ  #Elections #AcheDin #Politics
808163076012994560,2016-12-12 04:14:26 +0000,andrewshamlet,https://t.co/WGfFNYMGk1 #socialmedia #politics #electionNight
808163053195952128,2016-12-12 04:14:21 +0000,LyleKlich,RT @maconnal: You might be a libtard if... #libtard #racism #SJW #liberal #politics https://t.co/hO94653KZa
808162928709009408,2016-12-12 04:13:51 +0000,politcal_report,"THREATS BAN WHEN WHITE LIMITATION ATTACKS

#news #politics"
808162873348419588,2016-12-12 04:13:38 +0000,Sentifi_US,"#DailyBriefing #Corruption in India, #Politics issue in the U.S.

https://t.co/ObmMzHIZpq #finance #fintech‚Ä¶ https://t.co/w4ggFEOwYp"
808162871582593025,2016-12-12 04:13:38 +0000,Sentifi_CA,"#DailyBriefing #Corruption in India, #Politics issue in the U.S.

https://t.co/NeZPNQk7YL #finance #fintech‚Ä¶ https://t.co/T0UmRJTlQ2"
808162856357261312,2016-12-12 04:13:34 +0000,JohnEhmet,RT @Fingersflying: #CCOT The Socialist left working to end free thought and #freespeech in USA just like the Netherlands #politics‚Ä¶ https://t.co/SZuu3eDJSh
808162842159546368,2016-12-12 04:13:31 +0000,Sentifi_UK,"#DailyBriefing #Corruption in India, #Politics issue in the U.S.

https://t.co/vRrv7B5bGg #finance #fintech‚Ä¶ https://t.co/kPr6vZQo8w"
808162841941385218,2016-12-12 04:13:31 +0000,Sentifi_AU,"#DailyBriefing #Corruption in India, #Politics issue in the U.S.

https://t.co/q9b8domQeS #finance #fintech‚Ä¶ https://t.co/CBHPFut5Mz"
808162841425547264,2016-12-12 04:13:30 +0000,Sentifi_CH,"#DailyBriefing #Corruption in India, #Politics issue in the U.S.

https://t.co/Goa8YfOO99 #finance #fintech‚Ä¶ https://t.co/i5fZj5bOEP"
808162841308131329,2016-12-12 04:13:30 +0000,sentifi,"#DailyBriefing #Corruption in India, #Politics issue in the U.S.

https://t.co/LZ5tdGxaZC #finance #fintech‚Ä¶ https://t.co/v22perPnHW"
808162839944974340,2016-12-12 04:13:30 +0000,Sentifi_DE,"#DailyBriefing #Corruption in India, #Politics issue in the U.S.

https://t.co/llIQE7wXH5 #finance #fintech‚Ä¶ https://t.co/2bUnnregBB"
808162637385056257,2016-12-12 04:12:42 +0000,joelbayan,"RT @RandyHilarski: World Leaders Humanized by Artist Cristina Guggeri. @Steemit #Art #Politics 
https://t.co/9GoeQVBDIA https://t.co/uW7DLF134n"
808162572801183745,2016-12-12 04:12:26 +0000,jrpaws,"RT @lizafina: ""Either educate yourself or stop talking""     -Henry McCord #MadamSecretary #politics #truth"
808162228629164032,2016-12-12 04:11:04 +0000,ScoopRocket,Businesses surrounding Trump Tower‚Äôs ‚Äòfrozen zone‚Äô taking a hit - https://t.co/Wb5Jwj8TLJ #news #politics #clinton #trump #follow
808162211873034241,2016-12-12 04:11:00 +0000,NStrykerB,"@slapAlib Which feel despite any #politics, merits #investigation bc if NE #ForeignInfluence, it's #cyberwarfare & we must #defenddemocracy"
808162192772177921,2016-12-12 04:10:56 +0000,leemeade77,"For Neil Young, the Trump Era Feels a Lot Like the '60s https://t.co/J7bQ1cIjYf #politics #feedly"
808162144298606592,2016-12-12 04:10:44 +0000,Tweetpolitifeed,"VA hospital left deceased veteran in shower room for nine hours, report finds https://t.co/RwbSKkCu03 #politics #Fox"
808162143312953344,2016-12-12 04:10:44 +0000,Tweetpolitifeed,COLD CASE KIDS Sons help with arrest of their dad in 1978 murders https://t.co/PceuOwq49e #politics #Fox
808161990405332992,2016-12-12 04:10:08 +0000,drivn2xl,RT @Fingersflying: #CCOT The Socialist left working to end free thought and #freespeech in USA just like the Netherlands #politics‚Ä¶ https://t.co/SZuu3eDJSh
808161929923465216,2016-12-12 04:09:53 +0000,Fingersflying,#CCOT The Socialist left working to end free thought and #freespeech in USA just like the Netherlands #politics‚Ä¶ https://t.co/SZuu3eDJSh
808161855604723712,2016-12-12 04:09:35 +0000,StartUpRealTime,RT @techguard1: OttLegalRebels: RT free_motion: What happens to #politics if they are run by #AI #foodforthought #startup
808161816450768896,2016-12-12 04:09:26 +0000,updateap,CPM RULES OUT MERGER WITH CPI&#8230; https://t.co/9jgrUgniZA #CPM #POLITICS #ANDHRAPRADESH
808161805252067328,2016-12-12 04:09:23 +0000,JamesS020770,"RT @andrewshamlet: Of the 10 states to see the greatest percentage decline in white-ratio, 9 voted Democrat in 2012 #socialmedia #politics #electionNight"
808161782057566208,2016-12-12 04:09:18 +0000,DawnHaagenson,RT @ConservNationA: What to Know About Cathy McMorris Rodgers https://t.co/SioPmj3bi3 #politics
808161645453340672,2016-12-12 04:08:45 +0000,2016twg,#BasketOfDeplorables #Arizona #Politics #UnitedStates https://t.co/G0SdibM9Yv
808161580705837057,2016-12-12 04:08:30 +0000,GirlyBrainiac,"@SusanSarandon Please donate to @NoMore2PartyUSA, so we can end the two party system. #politics"
808161492201865216,2016-12-12 04:08:09 +0000,ScoopSquid,"https://t.co/3MX1NQfv7p Donald Trump is 'not a loyal American', says former CIA operative and presidential candidate #politics"
808161490578632712,2016-12-12 04:08:08 +0000,ScoopSquid,https://t.co/3Hw9eXRV0Z FBI told Illinois Republican Party in June emails had been hacked #politics
808161392868073472,2016-12-12 04:07:45 +0000,dylangray45,#guncontrol #guns #secondamendment #wtf #politics #liberals https://t.co/qEoQdJixX2
808161292468924416,2016-12-12 04:07:21 +0000,ZeroCensorship,Former U.S. ambassador to #Russia: #Putin sought 'revenge' against Clinton #politics - https://t.co/dppFtxyMn6
808161243575947265,2016-12-12 04:07:10 +0000,DavidAvritt,#TheNewsClub Trump Honeymoon Begins: Confidence in Economy Booming https://t.co/0uP5RjWw3o #EarlyMorningUpdate #Politics #Trump
808161074394628096,2016-12-12 04:06:29 +0000,techguard1,OttLegalRebels: RT free_motion: What happens to #politics if they are run by #AI #foodforthought #startup
808161028269752320,2016-12-12 04:06:18 +0000,lovingmykids65,RT @maconnal: You might be a libtard if... #libtard #racism #SJW #liberal #politics https://t.co/hO94653KZa
808160914113433600,2016-12-12 04:05:51 +0000,OttLegalRebels,RT @free_motion: What happens to #politics if they are run by #AI #foodforthought #startup
808160893485928448,2016-12-12 04:05:46 +0000,FinanceFriendOZ,OECD Gives... https://t.co/ELI8evtDMe #Assets #Economics #Employment #InterestRates #Politics #Resources #Retail #Statistics #Welfare
808160723792596992,2016-12-12 04:05:06 +0000,ImmoralReport,RT @maconnal: You might be a libtard if... #libtard #racism #SJW #liberal #politics https://t.co/hO94653KZa
808160592980627457,2016-12-12 04:04:34 +0000,joshpallas,Maybe trauma is the new ~normal~ #politics #philosophy #trauma https://t.co/RYCczuz5DV
808160557224357888,2016-12-12 04:04:26 +0000,andrewshamlet,"Of the 10 states to see the greatest percentage decline in white-ratio, 9 voted Democrat in 2012 #socialmedia #politics #electionNight"
808160430443167744,2016-12-12 04:03:56 +0000,mozell2015,Gotta play the game.. #Politics https://t.co/znClVVE7cj
808160214650392576,2016-12-12 04:03:04 +0000,LAauthor,@GOP are Pro-life until BIRTH. After that their programs aren't even PRO-EXISTENCE!#POLITICS https://t.co/1rabQAqEPo https://t.co/khMrcgAaxw
808160212163039232,2016-12-12 04:03:04 +0000,bbsnews,#latestnews 4 #newmexico #politics + #nativeamerican + #Israel + #Palestine  -  House Dems Push Obama For... https://t.co/BqH7HByeRj
808159912710705153,2016-12-12 04:01:52 +0000,newsbot6,Anti-Semitism: Official definition will fight hatred - Theresa May #Politics #Theresa https://t.co/XdaLVODvsS
808159840170147841,2016-12-12 04:01:35 +0000,PJMedia_com,Senate Dems Challenge Trump to Follow Through on Exit Tax to 'Protect American Jobs' https://t.co/VqmjkFXM0I #news‚Ä¶ https://t.co/H6L2usfwZf
808159677653495808,2016-12-12 04:00:56 +0000,ScoopRocket,Taliban demands for cash stir fears of comeback in Pakistan‚Äôs Swat Va‚Ä¶  - https://t.co/bvYwUGZMRr #news #politics #clinton #trump #follow
808159592706437120,2016-12-12 04:00:36 +0000,maconnal,You might be a libtard if... #libtard #racism #SJW #liberal #politics https://t.co/hO94653KZa
808159591381041152,2016-12-12 04:00:36 +0000,PatriotNationA,Rudy Giuliani Won't Be Trump's Secretary Of State | The Daily Caller https://t.co/6SYAi83Xl2 #politics
808159590940573696,2016-12-12 04:00:36 +0000,DeepThroatB,US Must Remain Steady as South Korea Impeaches President https://t.co/8bU8EmlQpR #politics
808159590722523138,2016-12-12 04:00:35 +0000,ConservNationA,What to Know About Cathy McMorris Rodgers https://t.co/SioPmj3bi3 #politics
808159590219218952,2016-12-12 04:00:35 +0000,StopHillary01,What to Know About Cathy McMorris Rodgers https://t.co/gcn1osB8Do #politics
808159590210826241,2016-12-12 04:00:35 +0000,Pence4P,East Coast fishermen file appeal over cost of government-required 'at-sea monitors'  #politics https://t.co/UTe7inNexK
808159590210818048,2016-12-12 04:00:35 +0000,PatriotForum,"Democrats Retreat on Spending, Averting Shutdown https://t.co/5t5UMWUWTq #politics"
808159589950717952,2016-12-12 04:00:35 +0000,YoungConserveA,Kellyanne Roasts 'People Who Just Can't Admit' Trump Won | The Daily Caller https://t.co/z13HWLCfgv #politics
808159589896175616,2016-12-12 04:00:35 +0000,JohnGaltA,Morning Joe' Calls Out Hillary For 'Fake News' Warning | The Daily Caller https://t.co/2YFoDFm0Iz #politics
808159508044414977,2016-12-12 04:00:16 +0000,Plex_Dave,"Hour 3!  Time to hit the #Docket
#News #Politics #Conspiracy #internetRadio #PodernFamily #SanJose #Campbell
https://t.co/6oZh5htjqm"
808159470945783808,2016-12-12 04:00:07 +0000,DnNet_Info,The latest  DnNet Daily  ! https://t.co/MIkc35fPap Thanks to @dee_ambrosini #politics
808159321708081152,2016-12-12 03:59:31 +0000,DanCas2,RT @saul42: The hidden agenda behind #religious wars; it will surprise you! #politics #religion #christianity https://t.co/KxXoOHeVDY
808159293165989888,2016-12-12 03:59:25 +0000,PolitiTrends,https://t.co/1TkSHt0sZR - Today's 2016 Primary and Election news from Twitter. #politics #gop
808159179726733312,2016-12-12 03:58:57 +0000,ScoopRocket,2017 Acura RLX Expert Review Car Review - https://t.co/jh4ljT6nEy #news #politics #clinton #trump #follow
808158737483468800,2016-12-12 03:57:12 +0000,Anon_Eu,Carl Bernstein: Donald Trump's Disdain For Facts Worse Than Nixon https://t.co/W7b8dCWhIS #News #Politics https://t.co/UZ7ehHo7wN
808158573511528449,2016-12-12 03:56:33 +0000,semiantomatic,Applying a business-like candor to the upcoming administration may have its benefits. We shouldn't rush to judgment in any way. #politics
808158572940967937,2016-12-12 03:56:33 +0000,robinsnewswire,"""#Politics News: Six months on, Brexit rift among Britons remains wide #News"" : https://t.co/jD5tYnNvVW"
808158572391505920,2016-12-12 03:56:33 +0000,robinsnewswire,"""#Politics News: Tillerson choice raises questions of corporate vs. national interest #News"" : https://t.co/RJOQeZdya1"
808158571544203264,2016-12-12 03:56:32 +0000,robinsnewswire,"""#Politics News: Indonesia faces test as Christian governor stands trial #News"" : https://t.co/JgSWnLiZJa"
808158274893860864,2016-12-12 03:55:22 +0000,cgcolin,RT @andrewshamlet: The obvious conclusion is that terrorism-related tweets garner very strong reactions #socialmedia #politics #electionNight
808158227166703616,2016-12-12 03:55:10 +0000,Karamarkos,#DonaldTrump questions #US commitment to '#OneChina' #policy  https://t.co/bZKb2Krwco #diplomacy #China #geopolitics #politics @guardian
808158038414737408,2016-12-12 03:54:25 +0000,andrewshamlet,‚ÄúMany people will be shocked at how close this election will be.‚Äù #socialmedia #politics #electionNight
808158012737286144,2016-12-12 03:54:19 +0000,crystal_night20,RT @eossipov: #RI #Politics #EO New CNN Policy: All Non-English Words Spoken in Aleppo Translate to 'Assad Barrel Bombs Babie... https://t.co/NWOpWBIZsI
808157999579693062,2016-12-12 03:54:16 +0000,gheetar,"RT @TVNewsWatchDog: @ezlusztig We need #Trump voters to wake up and realize how BIG of a danger this is, it's not #politics anymore, it's saving #Democracy"
808157949797363713,2016-12-12 03:54:04 +0000,luvsgrapes,"RT @GeorgeLakoff: Lakoff on the election outcome: ""A Minority President"" #democrats #politics #trump 
https://t.co/URhQBYkfaF"
808157850426019840,2016-12-12 03:53:41 +0000,03grb,–û–±—â–µ—Ä–æ—Å—Å–∏–π—Å–∫–∏–π –¥–µ–Ω—å –ø—Ä–∏–µ–º–∞ –≥—Ä–∞–∂–¥–∞–Ω –ø—Ä–æ–π–¥–µ—Ç 12 –¥–µ–∫–∞–±—Ä—è –≤ #–î–µ–Ω—å–ö–æ–Ω—Å—Ç–∏—Ç—É—Ü–∏–∏ #–†–æ—Å—Å–∏—è | #blogrb #news #–Ω–æ–≤–æ—Å—Ç–∏ #politics https://t.co/BuzjzVYYHA
808157837767671809,2016-12-12 03:53:38 +0000,NatefromUSA,"RT @GeorgeLakoff: Lakoff on the election outcome: ""A Minority President"" #democrats #politics #trump 
https://t.co/URhQBYkfaF"
808157474255572992,2016-12-12 03:52:11 +0000,GetTheDailyDirt,Trump on Russia meddling in US election: 'I don't believe it' https://t.co/far7yRUoeq #Politics
808157445491224576,2016-12-12 03:52:04 +0000,StateofGlobe,"If You Are For Peace, You Are A Russian Agent! - https://t.co/NL0YPwXzfR - #Finance #Money #News #Politics https://t.co/48H90XcNAX"
808157215496380416,2016-12-12 03:51:09 +0000,BlackburnRuth,RT @DavidMartin4NH: That sign hurts my feelings!!  ; ) I need pet therapy... and a snack..  And a latte. #nhpolitics #politics #nhgop‚Ä¶ https://t.co/WHuVOaWb8D
808157196869632005,2016-12-12 03:51:05 +0000,swaddle24,RT @Sr_Politics: Pruitt and Puzder: A pair of brilliant nominees https://t.co/AKdngghKfj #Politics @hughhewitt reports https://t.co/0GCwTaDrC3
808157180159373312,2016-12-12 03:51:01 +0000,free_motion,What happens to #politics if they are run by #AI #foodforthought #startup
808157122231988225,2016-12-12 03:50:47 +0000,Call_Me_Hawk,"RT @TGRedPillNews: ALERT New Elections? President Kasich? Or War with Russia? https://t.co/kZl9H44W4M

#news #politics #gop #MAGA #Trump"
808157113457541120,2016-12-12 03:50:45 +0000,ChrisRHickey,"RT @iMariaJohnsen: The Impact of #SocialMedia on #Politics üåç
https://t.co/dnS9WTfYcO
#SEO #SMM #SEO #DigitalMarketing‚Ä¶ https://t.co/Du72AR9O65"
808156889557204993,2016-12-12 03:49:51 +0000,semiantomatic,This upcoming #presidency has the potential to change the way traditional #government flows. Not sure if good or bad. #politics #analytics
808156873748684801,2016-12-12 03:49:48 +0000,WanderinPoet,"Be sure to ask @shervin how well blocking people on $TWTR works when he's trying to start a new #politics party.
https://t.co/ZBE7bZEK5A"
808156808107831296,2016-12-12 03:49:32 +0000,namy4jo,RT @Torchmark_LGBTQ: üå∂üå∂In Conversation with Mike Broemmel - interview with  @namy4jo  #theater #politics #India #journalist https://t.co/wqxIrhufST
808156779209232384,2016-12-12 03:49:25 +0000,andrewshamlet,and until then‚Ä¶.Good luck to both candidates! #socialmedia #politics #electionNight
808156768639467520,2016-12-12 03:49:23 +0000,namy4jo,RT @Side_Lines_News: üå∂üå∂In Conversation with Mike Broemmel - interview with  @namy4jo  #theater #politics #India #journalist https://t.co/28G0yLsJ3c
808156726323200001,2016-12-12 03:49:13 +0000,cashklick,RT @pinakinariwala: President #Obama now has a #FacebookMessenger bot https://t.co/ZTsw1fivHA #bots #Chatbot #politics #news https://t.co/gL7Vl9gsw6
808156678038454272,2016-12-12 03:49:01 +0000,cashklick,RT @mitulmakadia: President #Obama now has a #FacebookMessenger bot https://t.co/M9IfdY3hv0 #bots #Chatbot #politics #news https://t.co/DkCjMatK7U
808156576842477568,2016-12-12 03:48:37 +0000,TubeFear,Britain's Hardest Prison 2016 HD NEW - https://t.co/5V7lJ5vRvv #BBSNews #DocumentaryHD #Illuminati #NewsTV‚Ä¶ https://t.co/VwX49YEayt
808156227049902080,2016-12-12 03:47:14 +0000,OneindiaBengali,(‡¶õ‡¶¨‡¶ø) ‡ßß‡ß® ‡¶°‡¶ø‡¶∏‡ßá‡¶Æ‡ßç‡¶¨‡¶∞ : ‡¶∏‡¶æ‡¶∞‡¶æ‡¶¶‡¶ø‡¶®‡ßá‡¶∞ ‡¶ó‡ßÅ‡¶∞‡ßÅ‡¶§‡ßç‡¶¨‡¶™‡ßÇ‡¶∞‡ßç‡¶£ ‡¶ñ‡¶¨‡¶∞‡¶ó‡ßÅ‡¶≤‡¶ø ‡¶è‡¶ï‡¶®‡¶ú‡¶∞‡ßá https://t.co/yfVjpYIzHA #news #india #kolkata #bengalinews #politics
808156113417826304,2016-12-12 03:46:46 +0000,TopOnlineMedia,"Ref #NZpol #Auspol #Politics 

#NewZealand #PrimeMinister #BillEnglish 

üì£
#Congratulations üéâüéâüéâ https://t.co/lUFOdTd8zo"
808155990356992001,2016-12-12 03:46:17 +0000,amandsst,RT @janinebucks: Moral Interpretations of Capitalism - Isuru Abeysinghe |... #Politics&CurrentEvents https://t.co/GSI4QuJBGI #PoliticsampCurrentEvents
808155758311284736,2016-12-12 03:45:22 +0000,ericsean467,"@ChrisJZullo @RubyCodpiece
And, MOST of ALL...
#Imagine if #Politics #was TRULY for #ThePeople and NOT‚Ä¶ https://t.co/YFAekpct0D"
808155713918750720,2016-12-12 03:45:11 +0000,futuresalesinc,"I'm in on this one. #truth #politics #police #starbucks #coffee #meanmuggin #futuresales 
Get‚Ä¶ https://t.co/HwqvgUYTW5"
808155713365245952,2016-12-12 03:45:11 +0000,PoliticUsaServi,Politic: Donald Trump Used To Complain About Obama Not Getting In https://t.co/VMuiKSbXTM #Politics https://t.co/L0yVkmEh0P
808155657236942849,2016-12-12 03:44:58 +0000,CAPEuropeFR,#Macedonia #politics https://t.co/qSJOegOsdu
808155585875210240,2016-12-12 03:44:41 +0000,RobinEtherton,RT @ReaganAmerica: Texas attorney general drops a great big Yuletide truth bomb on school district  #politics https://t.co/Gu9RjCoReG
808155519617826820,2016-12-12 03:44:25 +0000,andrewshamlet,"We only have days left to see which source provides a clearer signal of truth, #socialmedia #politics #electionNight"
808155255548608517,2016-12-12 03:43:22 +0000,LloydEsq,Frightening FB Post today by #Republican Sen #JeffTarte on potential #NorthCarolina #Courtpacking. #NCGA‚Ä¶ https://t.co/C1K74fxxo8
808155170098073600,2016-12-12 03:43:02 +0000,mitulmakadia,President #Obama now has a #FacebookMessenger bot https://t.co/M9IfdY3hv0 #bots #Chatbot #politics #news https://t.co/DkCjMatK7U
808155168965439488,2016-12-12 03:43:01 +0000,spaceageoracle,"RT @evanasher555: This #election has been revealing. The most startling truth uncovered is
#twitterpoll #poll #politics #trump #clinton #stein #johnson"
808154960454094848,2016-12-12 03:42:12 +0000,MarcPlooster,RT @careersingov: @MarcPlooster examines #politics and whether it affects local #government https://t.co/taAoswUlLI #work #washington #govt
808154822612516865,2016-12-12 03:41:39 +0000,Reporters_Large,Ondo Decides: INEC Rigged Election In Advance... https://t.co/i1jrEqR6Wa #apc #Fayose #Nigeria #OndoDecides #OndoState #PDP #POLITICS
808154528155455488,2016-12-12 03:40:28 +0000,ScoopRocket,Hamas offers missiles for armies willing to fight Israel - https://t.co/67HSTO7p6Z #news #politics #clinton #trump #follow
808154405254156289,2016-12-12 03:39:59 +0000,jonclodfelter,‚ÄúSchadenfreude with Bite: Trolling‚Äù https://t.co/aJkTq0X7dz #culture #society #internetculture #trolls #politics https://t.co/pVguin5OGA
808154385045823489,2016-12-12 03:39:54 +0000,CAPEuropeFR,#Romania #politics https://t.co/Uu8Jgv164l
808154374891520000,2016-12-12 03:39:52 +0000,openomroep,"#news #politics  Ken Hechler, Longtime West Virginia Political Force, Dies at 102 - New‚Ä¶ https://t.co/b3lpBHCF9Z"
808154345468555264,2016-12-12 03:39:45 +0000,TmontDk,RT @DavidMartin4NH: That sign hurts my feelings!!  ; ) I need pet therapy... and a snack..  And a latte. #nhpolitics #politics #nhgop‚Ä¶ https://t.co/WHuVOaWb8D
808154302472556544,2016-12-12 03:39:35 +0000,CAPEuropeFR,#Italy #politics https://t.co/EQv7gHHNJr
808154260022104064,2016-12-12 03:39:25 +0000,andrewshamlet,"and what actually happened, and happened online. #socialmedia #politics #electionNight"
808154163246985216,2016-12-12 03:39:01 +0000,pinakinariwala,President #Obama now has a #FacebookMessenger bot https://t.co/ZTsw1fivHA #bots #Chatbot #politics #news https://t.co/gL7Vl9gsw6
808154135296167936,2016-12-12 03:38:55 +0000,Politusa,C.I.A. Judgment on Russia Built on Swell of Evidence https://t.co/BnhwiBcTHX #USA #politics
808154134876737536,2016-12-12 03:38:55 +0000,petercook,Read @SteveCollNY‚Äôs ‚ÄúPrivate Empire‚Äù on Exxon‚Äôs weird corp. culture; it‚Äôs crazy Rex is up for SOS: https://t.co/12QKJkcaDq #politics
808154056120143872,2016-12-12 03:38:36 +0000,janinebucks,Moral Interpretations of Capitalism - Isuru Abeysinghe |... #Politics&CurrentEvents https://t.co/GSI4QuJBGI #PoliticsampCurrentEvents
808153925157322756,2016-12-12 03:38:05 +0000,HawtRoxHOrotica,"RT @Emerald_theGLD: ""Now Is the Time to Talk About What We Are Actually Talking About"" https://t.co/4bY0EZZv7r #politics #UnitedStates"
808153698656321536,2016-12-12 03:37:11 +0000,whatsonyormind,"Feds Found RNC-Related Cyberattack Months Ago but It Didn't Raise Serious Concerns, Sources Say https://t.co/sL9QiY5D5Z #Politics"
808153426131492864,2016-12-12 03:36:06 +0000,Briefing__Room,#Politics RUMOR. John Bolton Will Not Get Any Position At the State Department https://t.co/OSoTGU77Ej #TCOT
808153424441196544,2016-12-12 03:36:05 +0000,Briefing__Room,#Politics Bolton suggests DNC hack was Obama administration 'false flag' https://t.co/voKepuY7Pk #TCOT
808153385207615488,2016-12-12 03:35:56 +0000,purpledalmation,RT @PJMedia_com: Defense Dept. Hoping to Resolve Most of Bonus Repayment Cases by End of Month https://t.co/KKbq1TvPqZ #news‚Ä¶ https://t.co/Ksp3GpIoYz
808153340785917952,2016-12-12 03:35:45 +0000,ANAWINSblog,"Jesus was Politically Incorrect, are you? https://t.co/gb3rgnAHY0 #culture #followjesus #politicallyincorrect #politics"
